id,row,column,room_id,creationDate,updateOn
1,1,1,1,5/11/2021,11/17/2020
2,1,2,1,10/1/2020,12/20/2020
3,1,3,1,3/15/2021,2/20/2021
4,1,4,1,5/7/2021,10/15/2020
5,1,5,1,6/4/2020,8/22/2020
6,1,6,1,5/30/2020,10/27/2020
7,1,7,1,2/2/2021,10/5/2020
8,1,8,1,10/1/2020,11/13/2020
9,1,9,1,11/17/2020,2/14/2021
10,2,1,1,5/11/2021,11/17/2020
11,2,2,1,10/1/2020,12/20/2020
12,2,3,1,3/15/2021,2/20/2021
13,2,4,1,5/7/2021,10/15/2020
14,2,5,1,6/4/2020,8/22/2020
15,2,6,1,5/30/2020,10/27/2020
16,2,7,1,2/2/2021,10/5/2020
17,2,8,1,10/1/2020,11/13/2020
18,2,9,1,11/17/2020,2/14/2021
19,3,1,1,5/11/2021,11/17/2020
20,3,2,1,10/1/2020,12/20/2020
21,3,3,1,3/15/2021,2/20/2021
22,3,4,1,5/7/2021,10/15/2020
23,3,5,1,6/4/2020,8/22/2020
24,3,6,1,5/30/2020,10/27/2020
25,3,7,1,2/2/2021,10/5/2020
26,3,8,1,10/1/2020,11/13/2020
27,3,9,1,11/17/2020,2/14/2021
28,4,1,1,5/11/2021,11/17/2020
29,4,2,1,10/1/2020,12/20/2020
30,4,3,1,3/15/2021,2/20/2021
31,4,4,1,5/7/2021,10/15/2020
32,4,5,1,6/4/2020,8/22/2020
33,4,6,1,5/30/2020,10/27/2020
34,4,7,1,2/2/2021,10/5/2020
35,4,8,1,10/1/2020,11/13/2020
36,4,9,1,11/17/2020,2/14/2021
37,5,1,1,5/11/2021,11/17/2020
38,5,2,1,10/1/2020,12/20/2020
39,5,3,1,3/15/2021,2/20/2021
40,5,4,1,5/7/2021,10/15/2020
41,5,5,1,6/4/2020,8/22/2020
42,5,6,1,5/30/2020,10/27/2020
43,5,7,1,2/2/2021,10/5/2020
44,5,8,1,10/1/2020,11/13/2020
45,5,9,1,11/17/2020,2/14/2021
46,6,1,1,5/11/2021,11/17/2020
47,6,2,1,10/1/2020,12/20/2020
48,6,3,1,3/15/2021,2/20/2021
49,6,4,1,5/7/2021,10/15/2020
50,6,5,1,6/4/2020,8/22/2020
51,6,6,1,5/30/2020,10/27/2020
52,6,7,1,2/2/2021,10/5/2020
53,6,8,1,10/1/2020,11/13/2020
54,6,9,1,11/17/2020,2/14/2021
55,7,1,1,5/11/2021,11/17/2020
56,7,2,1,10/1/2020,12/20/2020
57,7,3,1,3/15/2021,2/20/2021
58,7,4,1,5/7/2021,10/15/2020
59,7,5,1,6/4/2020,8/22/2020
60,7,6,1,5/30/2020,10/27/2020
61,7,7,1,2/2/2021,10/5/2020
62,7,8,1,10/1/2020,11/13/2020
63,7,9,1,11/17/2020,2/14/2021
64,1,1,2,5/11/2021,11/17/2020
65,1,2,2,10/1/2020,12/20/2020
66,1,3,2,3/15/2021,2/20/2021
67,1,4,2,5/7/2021,10/15/2020
68,1,5,2,6/4/2020,8/22/2020
69,1,6,2,5/30/2020,10/27/2020
70,1,7,2,2/2/2021,10/5/2020
71,1,8,2,10/1/2020,11/13/2020
72,1,9,2,11/17/2020,2/14/2021
73,2,1,2,5/11/2021,11/17/2020
74,2,2,2,10/1/2020,12/20/2020
75,2,3,2,3/15/2021,2/20/2021
76,2,4,2,5/7/2021,10/15/2020
77,2,5,2,6/4/2020,8/22/2020
78,2,6,2,5/30/2020,10/27/2020
79,2,7,2,2/2/2021,10/5/2020
80,2,8,2,10/1/2020,11/13/2020
81,2,9,2,11/17/2020,2/14/2021
82,3,1,2,5/11/2021,11/17/2020
83,3,2,2,10/1/2020,12/20/2020
84,3,3,2,3/15/2021,2/20/2021
85,3,4,2,5/7/2021,10/15/2020
86,3,5,2,6/4/2020,8/22/2020
87,3,6,2,5/30/2020,10/27/2020
88,3,7,2,2/2/2021,10/5/2020
89,3,8,2,10/1/2020,11/13/2020
90,3,9,2,11/17/2020,2/14/2021
91,4,1,2,5/11/2021,11/17/2020
92,4,2,2,10/1/2020,12/20/2020
93,4,3,2,3/15/2021,2/20/2021
94,4,4,2,5/7/2021,10/15/2020
95,4,5,2,6/4/2020,8/22/2020
96,4,6,2,5/30/2020,10/27/2020
97,4,7,2,2/2/2021,10/5/2020
98,4,8,2,10/1/2020,11/13/2020
99,4,9,2,11/17/2020,2/14/2021
100,5,1,2,5/11/2021,11/17/2020
101,5,2,2,10/1/2020,12/20/2020
102,5,3,2,3/15/2021,2/20/2021
103,5,4,2,5/7/2021,10/15/2020
104,5,5,2,6/4/2020,8/22/2020
105,5,6,2,5/30/2020,10/27/2020
106,5,7,2,2/2/2021,10/5/2020
107,5,8,2,10/1/2020,11/13/2020
108,5,9,2,11/17/2020,2/14/2021
109,6,1,2,5/11/2021,11/17/2020
110,6,2,2,10/1/2020,12/20/2020
111,6,3,2,3/15/2021,2/20/2021
112,6,4,2,5/7/2021,10/15/2020
113,6,5,2,6/4/2020,8/22/2020
114,6,6,2,5/30/2020,10/27/2020
115,6,7,2,2/2/2021,10/5/2020
116,6,8,2,10/1/2020,11/13/2020
117,6,9,2,11/17/2020,2/14/2021
118,7,1,2,5/11/2021,11/17/2020
119,7,2,2,10/1/2020,12/20/2020
120,7,3,2,3/15/2021,2/20/2021
121,7,4,2,5/7/2021,10/15/2020
122,7,5,2,6/4/2020,8/22/2020
123,7,6,2,5/30/2020,10/27/2020
124,7,7,2,2/2/2021,10/5/2020
125,7,8,2,10/1/2020,11/13/2020
126,7,9,2,11/17/2020,2/14/2021
127,1,1,3,5/11/2021,11/17/2020
128,1,2,2,10/1/2020,12/20/2020
129,1,3,2,3/15/2021,2/20/2021
130,1,4,2,5/7/2021,10/15/2020
131,1,5,2,6/4/2020,8/22/2020
132,1,6,2,5/30/2020,10/27/2020
133,1,7,2,2/2/2021,10/5/2020
134,1,8,2,10/1/2020,11/13/2020
135,1,9,2,11/17/2020,2/14/2021
136,2,1,2,5/11/2021,11/17/2020
137,2,2,2,10/1/2020,12/20/2020
138,2,3,2,3/15/2021,2/20/2021
139,2,4,2,5/7/2021,10/15/2020
140,2,5,2,6/4/2020,8/22/2020
141,2,6,2,5/30/2020,10/27/2020
142,2,7,2,2/2/2021,10/5/2020
143,2,8,2,10/1/2020,11/13/2020
144,2,9,2,11/17/2020,2/14/2021
145,3,1,2,5/11/2021,11/17/2020
146,3,2,2,10/1/2020,12/20/2020
147,3,3,2,3/15/2021,2/20/2021
148,3,4,2,5/7/2021,10/15/2020
149,3,5,2,6/4/2020,8/22/2020
150,3,6,2,5/30/2020,10/27/2020
151,3,7,2,2/2/2021,10/5/2020
152,3,8,2,10/1/2020,11/13/2020
153,3,9,2,11/17/2020,2/14/2021
154,4,1,2,5/11/2021,11/17/2020
155,4,2,2,10/1/2020,12/20/2020
156,4,3,2,3/15/2021,2/20/2021
157,4,4,2,5/7/2021,10/15/2020
158,4,5,2,6/4/2020,8/22/2020
159,4,6,2,5/30/2020,10/27/2020
160,4,7,2,2/2/2021,10/5/2020
161,4,8,2,10/1/2020,11/13/2020
162,4,9,2,11/17/2020,2/14/2021
163,5,1,2,5/11/2021,11/17/2020
164,5,2,2,10/1/2020,12/20/2020
165,5,3,2,3/15/2021,2/20/2021
166,5,4,2,5/7/2021,10/15/2020
167,5,5,2,6/4/2020,8/22/2020
168,5,6,2,5/30/2020,10/27/2020
169,5,7,2,2/2/2021,10/5/2020
170,5,8,2,10/1/2020,11/13/2020
171,5,9,2,11/17/2020,2/14/2021
172,6,1,2,5/11/2021,11/17/2020
173,6,2,2,10/1/2020,12/20/2020
174,6,3,2,3/15/2021,2/20/2021
175,6,4,2,5/7/2021,10/15/2020
176,6,5,2,6/4/2020,8/22/2020
177,6,6,2,5/30/2020,10/27/2020
178,6,7,2,2/2/2021,10/5/2020
179,6,8,2,10/1/2020,11/13/2020
180,6,9,2,11/17/2020,2/14/2021
181,7,1,2,5/11/2021,11/17/2020
182,7,2,2,10/1/2020,12/20/2020
183,7,3,2,3/15/2021,2/20/2021
184,7,4,2,5/7/2021,10/15/2020
185,7,5,2,6/4/2020,8/22/2020
186,7,6,2,5/30/2020,10/27/2020
187,7,7,2,2/2/2021,10/5/2020
188,7,8,2,10/1/2020,11/13/2020
189,7,9,2,11/17/2020,2/14/2021
190,1,1,3,5/11/2021,11/17/2020
191,1,2,3,10/1/2020,12/20/2020
192,1,3,3,3/15/2021,2/20/2021
193,1,4,3,5/7/2021,10/15/2020
194,1,5,3,6/4/2020,8/22/2020
195,1,6,3,5/30/2020,10/27/2020
196,1,7,3,2/2/2021,10/5/2020
197,1,8,3,10/1/2020,11/13/2020
198,1,9,3,11/17/2020,2/14/2021
199,2,1,3,5/11/2021,11/17/2020
200,2,2,3,10/1/2020,12/20/2020
201,2,3,3,3/15/2021,2/20/2021
202,2,4,3,5/7/2021,10/15/2020
203,2,5,3,6/4/2020,8/22/2020
204,2,6,3,5/30/2020,10/27/2020
205,2,7,3,2/2/2021,10/5/2020
206,2,8,3,10/1/2020,11/13/2020
207,2,9,3,11/17/2020,2/14/2021
208,3,1,3,5/11/2021,11/17/2020
209,3,2,3,10/1/2020,12/20/2020
210,3,3,3,3/15/2021,2/20/2021
211,3,4,3,5/7/2021,10/15/2020
212,3,5,3,6/4/2020,8/22/2020
213,3,6,3,5/30/2020,10/27/2020
214,3,7,3,2/2/2021,10/5/2020
215,3,8,3,10/1/2020,11/13/2020
216,3,9,3,11/17/2020,2/14/2021
217,4,1,3,5/11/2021,11/17/2020
218,4,2,3,10/1/2020,12/20/2020
219,4,3,3,3/15/2021,2/20/2021
220,4,4,3,5/7/2021,10/15/2020
221,4,5,3,6/4/2020,8/22/2020
222,4,6,3,5/30/2020,10/27/2020
223,4,7,3,2/2/2021,10/5/2020
224,4,8,3,10/1/2020,11/13/2020
225,4,9,3,11/17/2020,2/14/2021
226,5,1,3,5/11/2021,11/17/2020
227,5,2,3,10/1/2020,12/20/2020
228,5,3,3,3/15/2021,2/20/2021
229,5,4,3,5/7/2021,10/15/2020
230,5,5,3,6/4/2020,8/22/2020
231,5,6,3,5/30/2020,10/27/2020
232,5,7,3,2/2/2021,10/5/2020
233,5,8,3,10/1/2020,11/13/2020
234,5,9,3,11/17/2020,2/14/2021
235,6,1,3,5/11/2021,11/17/2020
236,6,2,3,10/1/2020,12/20/2020
237,6,3,3,3/15/2021,2/20/2021
238,6,4,3,5/7/2021,10/15/2020
239,6,5,3,6/4/2020,8/22/2020
240,6,6,3,5/30/2020,10/27/2020
241,6,7,3,2/2/2021,10/5/2020
242,6,8,3,10/1/2020,11/13/2020
243,6,9,3,11/17/2020,2/14/2021
244,7,1,3,5/11/2021,11/17/2020
245,7,2,3,10/1/2020,12/20/2020
246,7,3,3,3/15/2021,2/20/2021
247,7,4,3,5/7/2021,10/15/2020
248,7,5,3,6/4/2020,8/22/2020
249,7,6,3,5/30/2020,10/27/2020
250,7,7,3,2/2/2021,10/5/2020
251,7,8,3,10/1/2020,11/13/2020
252,7,9,3,11/17/2020,2/14/2021
253,1,1,4,5/11/2021,11/17/2020
254,1,2,4,10/1/2020,12/20/2020
255,1,3,4,3/15/2021,2/20/2021
256,1,4,4,5/7/2021,10/15/2020
257,1,5,4,6/4/2020,8/22/2020
258,1,6,4,5/30/2020,10/27/2020
259,1,7,4,2/2/2021,10/5/2020
260,1,8,4,10/1/2020,11/13/2020
261,1,9,4,11/17/2020,2/14/2021
262,2,1,4,5/11/2021,11/17/2020
263,2,2,4,10/1/2020,12/20/2020
264,2,3,4,3/15/2021,2/20/2021
265,2,4,4,5/7/2021,10/15/2020
266,2,5,4,6/4/2020,8/22/2020
267,2,6,4,5/30/2020,10/27/2020
268,2,7,4,2/2/2021,10/5/2020
269,2,8,4,10/1/2020,11/13/2020
270,2,9,4,11/17/2020,2/14/2021
271,3,1,4,5/11/2021,11/17/2020
272,3,2,4,10/1/2020,12/20/2020
273,3,3,4,3/15/2021,2/20/2021
274,3,4,4,5/7/2021,10/15/2020
275,3,5,4,6/4/2020,8/22/2020
276,3,6,4,5/30/2020,10/27/2020
277,3,7,4,2/2/2021,10/5/2020
278,3,8,4,10/1/2020,11/13/2020
279,3,9,4,11/17/2020,2/14/2021
280,4,1,4,5/11/2021,11/17/2020
281,4,2,4,10/1/2020,12/20/2020
282,4,3,4,3/15/2021,2/20/2021
283,4,4,4,5/7/2021,10/15/2020
284,4,5,4,6/4/2020,8/22/2020
285,4,6,4,5/30/2020,10/27/2020
286,4,7,4,2/2/2021,10/5/2020
287,4,8,4,10/1/2020,11/13/2020
288,4,9,4,11/17/2020,2/14/2021
289,5,1,4,5/11/2021,11/17/2020
290,5,2,4,10/1/2020,12/20/2020
291,5,3,4,3/15/2021,2/20/2021
292,5,4,4,5/7/2021,10/15/2020
293,5,5,4,6/4/2020,8/22/2020
294,5,6,4,5/30/2020,10/27/2020
295,5,7,4,2/2/2021,10/5/2020
296,5,8,4,10/1/2020,11/13/2020
297,5,9,4,11/17/2020,2/14/2021
298,6,1,4,5/11/2021,11/17/2020
299,6,2,4,10/1/2020,12/20/2020
300,6,3,4,3/15/2021,2/20/2021
301,6,4,4,5/7/2021,10/15/2020
302,6,5,4,6/4/2020,8/22/2020
303,6,6,4,5/30/2020,10/27/2020
304,6,7,4,2/2/2021,10/5/2020
305,6,8,4,10/1/2020,11/13/2020
306,6,9,4,11/17/2020,2/14/2021
307,7,1,4,5/11/2021,11/17/2020
308,7,2,4,10/1/2020,12/20/2020
309,7,3,4,3/15/2021,2/20/2021
310,7,4,4,5/7/2021,10/15/2020
311,7,5,4,6/4/2020,8/22/2020
312,7,6,4,5/30/2020,10/27/2020
313,7,7,4,2/2/2021,10/5/2020
314,7,8,4,10/1/2020,11/13/2020
315,7,9,4,11/17/2020,2/14/2021
316,1,1,5,5/11/2021,11/17/2020
317,1,2,5,10/1/2020,12/20/2020
318,1,3,5,3/15/2021,2/20/2021
319,1,4,5,5/7/2021,10/15/2020
320,1,5,5,6/4/2020,8/22/2020
321,1,6,5,5/30/2020,10/27/2020
322,1,7,5,2/2/2021,10/5/2020
323,1,8,5,10/1/2020,11/13/2020
324,1,9,5,11/17/2020,2/14/2021
325,2,1,5,5/11/2021,11/17/2020
326,2,2,5,10/1/2020,12/20/2020
327,2,3,5,3/15/2021,2/20/2021
328,2,4,5,5/7/2021,10/15/2020
329,2,5,5,6/4/2020,8/22/2020
330,2,6,5,5/30/2020,10/27/2020
331,2,7,5,2/2/2021,10/5/2020
332,2,8,5,10/1/2020,11/13/2020
333,2,9,5,11/17/2020,2/14/2021
334,3,1,5,5/11/2021,11/17/2020
335,3,2,5,10/1/2020,12/20/2020
336,3,3,5,3/15/2021,2/20/2021
337,3,4,5,5/7/2021,10/15/2020
338,3,5,5,6/4/2020,8/22/2020
339,3,6,5,5/30/2020,10/27/2020
340,3,7,5,2/2/2021,10/5/2020
341,3,8,5,10/1/2020,11/13/2020
342,3,9,5,11/17/2020,2/14/2021
343,4,1,5,5/11/2021,11/17/2020
344,4,2,5,10/1/2020,12/20/2020
345,4,3,5,3/15/2021,2/20/2021
346,4,4,5,5/7/2021,10/15/2020
347,4,5,5,6/4/2020,8/22/2020
348,4,6,5,5/30/2020,10/27/2020
349,4,7,5,2/2/2021,10/5/2020
350,4,8,5,10/1/2020,11/13/2020
351,4,9,5,11/17/2020,2/14/2021
352,5,1,5,5/11/2021,11/17/2020
353,5,2,5,10/1/2020,12/20/2020
354,5,3,5,3/15/2021,2/20/2021
355,5,4,5,5/7/2021,10/15/2020
356,5,5,5,6/4/2020,8/22/2020
357,5,6,5,5/30/2020,10/27/2020
358,5,7,5,2/2/2021,10/5/2020
359,5,8,5,10/1/2020,11/13/2020
360,5,9,5,11/17/2020,2/14/2021
361,6,1,5,5/11/2021,11/17/2020
362,6,2,5,10/1/2020,12/20/2020
363,6,3,5,3/15/2021,2/20/2021
364,6,4,5,5/7/2021,10/15/2020
365,6,5,5,6/4/2020,8/22/2020
366,6,6,5,5/30/2020,10/27/2020
367,6,7,5,2/2/2021,10/5/2020
368,6,8,5,10/1/2020,11/13/2020
369,6,9,5,11/17/2020,2/14/2021
370,7,1,5,5/11/2021,11/17/2020
371,7,2,5,10/1/2020,12/20/2020
372,7,3,5,3/15/2021,2/20/2021
373,7,4,5,5/7/2021,10/15/2020
374,7,5,5,6/4/2020,8/22/2020
375,7,6,5,5/30/2020,10/27/2020
376,7,7,5,2/2/2021,10/5/2020
377,7,8,5,10/1/2020,11/13/2020
378,7,9,5,11/17/2020,2/14/2021
